Name of Institutes ,City,URL 
Central Institute of Road Transport ,Thane ,www.cirtindia.com 
Central Poultry Development Organization,Thane ,www.cpdonrchd.gov.in 
Aumbai ,Thane ,
Central Water & Power Research Station ,Thane ,www.cwprs.gov.in 
Centre for Development of Advanced,Thane ,www.pune.cdac.in 
Computing E-Governance Group Pune ,Thane ,
Centre for Development of Advanced,Thane ,www.cdacmumbai.in 
Computing Juhu ,Thane ,
Centre for Development of Advanced,Thane ,www.cdacmumbai.in 
Computing Mumbai ,Thane ,
Centre for Development of Advanced,Thane ,www.cdacmumbai.in 
Computing Navi Mumbai ,Thane ,
Centre for Development of Advanced,Thane ,www.cdac.in 
Computing Pune ,Thane ,
Centre for Excellence in Basic Sciences ,Thane ,www.cbs.ac.in 
Centre for Materials for Electronics,Thane ,www.cmet.gov.in 
Technology Pune ,Thane ,
CSIR Unit for Research & Development of,Thane ,www.urdip.res.in 
Information Products ,Thane ,
Defence Institute of Advanced Technology ,Thane ,www.diat.ac.in 
Directorate of Onion and Garlic Research ,Thane ,www.dogr.res.in 
Enterovirus Research Centre ,Thane ,www.icmr.nic.in 
Family Welfare Training & Research Centre ,Thane ,www.fwtrc.gov.in 
Genetic Research Centre ,Thane ,www.icmr.nic.in 
High Energy Materials Research Institute ,Thane ,www.drdo.org 
Homi Bhabha National Institute ,Thane ,www.hbni.ac.in 
Indian Bureau of Mines ,Thane ,www.ibm.nic.in 
Indian Institute of Geomagnetism ,Thane ,www.iigm.res.in 
Indian Institute of Packaging ,Thane ,www.iip-in.com 
Indian Institute of Tropical Meteorology ,Thane ,www.tropmet.res.in 
Indian Rubber Manufacturers Research,Thane ,www.irmra.org 
Association ,Thane ,
Industrial Research & Counsultancy Centre ,Thane ,www.ircc.iitb.ac.in 
Institute for Design of Electrical Measuring,Thane ,www.idemi.org 
Instruments ,Thane ,
Institute of Engineering and Ocean,Thane ,www.ongcindia.com 
Technology ,Thane ,
Institute of Oil and Gas Production,Thane ,www.ongcindia.com 
"Technology, ONGC ",Thane ,
Jawaharlal Nehru Aluminium Research,Thane ,www.jnarddc.gov.in 
Krishna Conchem Products Pvt. Ltd. ,Navi Mumbai ,www.krishnaconchem.com 
Kudale Instruments (Pvt.) Ltd. ,Navi Mumbai ,www.kudaleinstruments.com 
L&T Hydrocarbon Engineering Ltd. ,Navi Mumbai ,
Labindia Instruments Pvt. Ltd. ,Navi Mumbai ,www.labindia.com 
Larsen & Toubro Ltd. (R&D Mumbai) ,Navi Mumbai ,www.larsentoubro.com 
Lathia Rubber Mfg Co. Pvt. Ltd. ,Navi Mumbai ,www.lathia.in 
Laxmi Hydraulics Pvt. Ltd. ,Navi Mumbai ,www.lhp.co.in 
Laxmi Organic Industries Ltd ,Navi Mumbai ,www.laxmiorganic.co.in 
Lensel Optics Pvt. Ltd. ,Navi Mumbai ,www.lenseloptics.com 
Litel Infrared Systems Pvt. Ltd. ,Navi Mumbai ,www.litelir.com 
Loba Chemie Pvt. Ltd ,Navi Mumbai ,www.lobachemie.com 
Lona Industries Ltd. ,Navi Mumbai ,www.lona.com 
Lumis Biotech Ltd. ,Navi Mumbai ,www.lumisbiotech.com 
Lupin Ltd.(R&D Distt.Aurangabad) ,Navi Mumbai ,www.lupinworld.com 
Lupin Ltd.(R&D Distt.Raisen) ,Navi Mumbai ,www.lupinworld.com 
Lupin Ltd.(R&D Distt.Thane) ,Navi Mumbai ,www.lupinworld.com 
Lupin Ltd.(R&D Pune) ,Navi Mumbai ,www.lupinworld.com 
Macleods Pharmaceuticals Ltd. ,Navi Mumbai ,www.macleodspharma.com 
Mahabal Metals Pvt. Ltd. ,Navi Mumbai ,www.mahabalgroup.com 
Mahagujarat Seeds Pvt. Ltd. ,Navi Mumbai ,www.mahagujaratseeds.com 
Maharashtra Fasteners Pvt Ltd ,Navi Mumbai ,www.maharashtrafasteners.com 
Maharashtra Hybrid Seeds Co. Ltd. ,Navi Mumbai ,www.mahyco.com 
Mahindra & Mahindra Ltd.(R&D Kandivali ) ,Navi Mumbai ,www.mahindra.com 
"Mahindra & Mahindra Ltd.(R&D Satpur,",Navi Mumbai ,www.mahindra.com 
Nasik & Mumbai) ,Navi Mumbai ,
Mahindra Hinoday Inds. Ltd. ,Navi Mumbai ,www.hinoday.com 
Mahindra Sona Ltd. ,Navi Mumbai ,www.mahindrasona.com 
Mahle Behr India Ltd ,Navi Mumbai ,www.behrindia.net 
Mahodaya Hybrid Seeds Pvt.Ltd. ,Navi Mumbai ,www.mahodayaseeds.com 
Mangalam Drugs & Organics Ltd ,Navi Mumbai ,www.mangalamdrugs.com 
Mansoon Seeds Pvt Ltd ,Navi Mumbai ,www.mansoonseeds.com 
Manugraph India Ltd. ,Navi Mumbai ,www.manugraph.com 
Marico Ltd ,Navi Mumbai ,www.marico.com 
Markfield Hybrid Seeds (Pvt )Ltd. ,Navi Mumbai ,
Mecgale Pneumatics Pvt. Ltd. ,Navi Mumbai ,
Meco Instruments Pvt. Ltd. ,Navi Mumbai ,www.mecoinst.com 
Medley Pharmaceuticals Ltd. ,Navi Mumbai ,www.medleylab.com 
Megafine Pharma Pvt. Ltd ,Navi Mumbai ,www.megafine.in 
Megatech Power Equipments Pvt. Ltd ,Navi Mumbai ,www.consulneowatt.com 
Mehta API Pvt. Ltd. ,Navi Mumbai ,
Merck Ltd. ,Navi Mumbai ,www.merck.co.in 
Metal Power Analytical (I) Pvt. Ltd ,Navi Mumbai ,www.metpowerin.com 
Metallurgical Products India (P) Ltd. ,Navi Mumbai ,www.mpil.co.in 
Metropolitan Eximchem Ltd ,Navi Mumbai ,www.metrosun.com 
Minda Stoneridge Instrument Ltd. ,Navi Mumbai ,www.minda.co.in 
Minda Valeo Security Systems Pvt. Ltd ,Navi Mumbai ,www.minda.co.in 
Minex Metallurgical Co. Pvt. Ltd. ,Navi Mumbai ,www.minexindia.com 
Minilec (India) Pvt. Ltd .(Electronic Design,Navi Mumbai ,www.minilecgroup.com 
and Development Division) ,Navi Mumbai ,
Mirc Electronics Ltd.(R&D Mumbai) ,Navi Mumbai ,www.onida.com 
MJ Biopharm Pvt. Ltd. ,Navi Mumbai ,www.mjbiopharm.com 
MK BioFA Technologies Pvt. Ltd. ,Navi Mumbai ,
Modicon Pvt. Ltd. ,Navi Mumbai ,www.modicon.net.in 
Pudumjee Pulp & Paper Mills Ltd. ,Mumbai ,www.pudumjeeindustries.com 
R P G Life Sciences Ltd. Navi Mumbai ,Mumbai ,www.rpglifesciences.com 
Radix Electrosystems Pvt. Ltd ,Mumbai ,www.radix.co.in 
Rallis India Ltd. ,Mumbai ,www.rallis.co.in 
Ramelex Pvt Ltd ,Mumbai ,www.ramelex.com 
Raptakos Brett & Co. Ltd. ,Mumbai ,www.raptakos.com 
Raptim Research Ltd. ,Mumbai ,www.raptimresearch.com 
Rasayani Biologics Pvt. Ltd ,Mumbai ,www.rasayu.com 
Rathi Dye Chem (Pvt.) Ltd. ,Mumbai ,www.rathicolours.com 
Raychem RPG Pvt Ltd ,Mumbai ,www.raychemrpg.com 
Realty Automation & Security Systems Pvt. Ltd. ,Mumbai ,www.vighnaharta.in 
Regenerative Medical Services Pvt Ltd ,Mumbai ,www.babycell.in 
Reliance Industries Ltd. ,Mumbai ,www.ril.com 
Reliance Industries Ltd. (Plastics and,Mumbai ,www.ril.com 
Petrochemicals Division) ,Mumbai ,
Reliance Industries Ltd.(Textile Division) ,Mumbai ,www.ril.com 
Reliance Life Sciences Pvt. Ltd. ,Mumbai ,www.relbio.com 
Renu Electronics Pvt. Ltd. ,Mumbai ,www.renuelectronics.com 
Resins and Plastics Ltd. ,Mumbai ,www.resplast.com 
Resonance Specialties Ltd. ,Mumbai ,www.resonancesl.com 
Rich Graviss Products Pvt. Ltd. ,Mumbai ,www.richgraviss.com 
Rise n Shine Biotech Pvt. Ltd. ,Mumbai ,www.risenshine.in 
Rishabh Instruments Pvt. Ltd. ,Mumbai ,www.rishabh.co.in 
Rj Biotech Ltd ,Mumbai ,www.rjbiotech.com 
Robonik India Pvt. Ltd ,Mumbai ,www.robonik.net 
Roha Dyechem Ltd. ,Mumbai ,www.rohadyechem.com 
Rolta India Ltd. ,Mumbai ,www.rolta.com 
Ross Life Science Pvt. Ltd ,Mumbai ,www.rosslife.net 
Rossari Biotech Ltd ,Mumbai ,www.rossari.com 
Rubicon Research Pvt. Ltd. ,Mumbai ,www.rubicon.co.in 
Rucha Engineers Pvt Ltd ,Mumbai ,www.ruchagroup.com 
Ruchi Soya Industries Ltd ,Mumbai ,www.ruchisoya.com 
Rudraksha Allied Chemical Pvt. Ltd. ,Mumbai ,www.rudrakshachemicals. 
Rusan Pharma Ltd. ,Mumbai ,www.rusanpharma.com 
S H Kelkar & Company Ltd. ,Mumbai ,www.kelkargroup.com 
S.Kant Healthcare Ltd ,Mumbai ,www.skant.com 
Sadhana Nitro Chem Ltd. ,Mumbai ,www.sncl.com 
Safal Seeds & Biotech Ltd. ,Mumbai ,www.safalseeds.com 
Sahyadri Hospital Ltd ,Mumbai ,www.sahyadrihospital.com 
Sainath Agro-vet Industries Pvt. Ltd ,Mumbai ,www.savilmaci.com 
SAJ Test Plant Pvt.Ltd ,Mumbai ,www.sajdyno.com 
Samarth Life Sciences Pvt Ltd ,Mumbai ,www.samarthlifesciences.com 
Samruddhi Industries Ltd. ,Mumbai ,www.samruddhiindustriesltd.co.in 
Sandvik Asia Ltd. ,Mumbai ,www.sandvik.com 
Sanofi-Synthelabo (India) Ltd. ,Mumbai ,www.sanofi.com 
SAVA Healthcare Ltd ,Mumbai ,www.savaglobal.com 
Savita Oil Technologies Ltd. ,Mumbai ,www.savita.com 
Sbem Pvt Ltd ,Mumbai ,www.sbem-india.com 
SD Fine Chem Ltd ,Mumbai ,www.sdfine.com 
Selec Controls Pvt. Ltd. ,Mumbai ,www.selec.com 
Serum Institute of India ,Mumbai ,www.seruminstitute.com 
Setco Automotive Ltd. ,Mumbai ,www.setcoauto.com 
Shalimar Paints Ltd. ,Mumbai ,www.shalimarpaints.com 
Shantani Proteome Analytics Pvt. Ltd. ,Mumbai ,
Shree Dhootapapeshwar Ltd. ,Mumbai ,www.sdlindia.com 
Shreem Electric Ltd ,Mumbai ,www.shreemelectric.com 
Siddharth Carbochem Products Ltd. ,Mumbai ,www.scpl.biz 
Siddharth Starch Pvt Ltd ,Mumbai ,
Sigma Electric Manufacturing Corporation Pvt.Ltd ,Mumbai ,www.sigmaelectric.com 
Sks Fasteners Ltd ,Mumbai ,www.sksfasteners.com 
Smruthi Organics Ltd. ,Mumbai ,www.smruthiorganics.com 
Solar Industries India Ltd ,Mumbai ,www.solargroup.com 
Solus Security Systems Pvt. Ltd ,Mumbai ,www.solus.co.in 
Spaco Technologies India Pvt. Ltd.,Mumbai ,www.spaco.com 
(Formerly Spaco Carburettors (India) Ltd) ,Mumbai ,
Span Biotronics Pvt. Ltd. ,Mumbai ,
Span Pumps Pvt Ltd ,Mumbai ,www.spanpumpsindia.com 
Spicer India Ltd ,Mumbai ,www.spicerindia.in 
Srikem Laboratories Pvt Ltd ,Mumbai ,www.srikem.com 
Standard Greases Specialities Pvt. Ltd. ,Mumbai ,www.standardgreases.co.in 
Star Engineers India Pvt. Ltd. ,Mumbai ,www.starengineersindia.com 
Stellar Chemical Laboratories Pvt. Ltd. ,Mumbai ,www.stellarchemicals.com 
Sterlite Technologies Ltd (Formerly Sterlite,Mumbai ,www.sterlitetechnologies.com 
Optical Technologies Ltd.) ,Mumbai ,
Structwel Designers & Consultants Pvt. Ltd. ,Mumbai ,www.structwel.com 
Subhash Fertilizers Pvt. Ltd ,Mumbai ,
Sudarshan Chemicals Industries Ltd. ,Mumbai ,www.sudarshan.com 
Sulphur Mills Ltd ,Mumbai ,www.sulphurmills.com 
Sungro Seeds Ltd ,Mumbai ,www.sungroseeds.com 
Suparna Chemicals Ltd. ,Mumbai ,www.suparnachemicals.co.in 
Supriya Lifescience Ltd ,Mumbai ,www.supriyalifescience.com 
Survival Technologies Pvt. Ltd. ,Mumbai ,www.survivaltechnologies.in 
Suyash Solutions Pvt. Ltd. ,Mumbai ,www.suyashsolutions.com 
Syngenta Biosciences Pvt. Ltd. ,Mumbai ,www3.syngenta.com 
Syngenta India Ltd. ,Mumbai ,www.syngenta.co.in 
TAS PowerTek Pvt. Ltd ,Mumbai ,www.taspowertek.com 
Tasty Bite Eatables Ltd. ,Mumbai ,www.tastybite.com 
Tata AutoComp Systems Ltd ,Mumbai ,www.tacogroup.com 
Tata Chemicals Ltd. ,Mumbai ,www.tatachemicals.com 
Tata Consultancy Services (TCS) ,Mumbai ,www.tcs.com 
Tata Ficosa Automotive Systems Ltd ,Mumbai ,
Tata International Ltd.(R&D Dewas (MP) ,Mumbai ,www.tatainternational.com 
Tata Motors Ltd.(R&D Lucknow) ,Mumbai ,www.tatamotors.com 
Tata Steel Ltd.(R&D Jamshedpur) ,Mumbai ,www.tatasteel.com 
Tata Toyo Radiator Ltd. ,Mumbai ,
Tej Control System Pvt. Ltd ,Mumbai ,www.tejcontrol.com 
Teva Pharm India Pvt. Ltd ,Mumbai ,
The Century Textiles and Industries Ltd. ,Mumbai ,www.centurytextind.com 
The Dharamsi Morarji Chemical Company Ltd. ,Mumbai ,www.dmcc.com 
The Indian Hume Pipe Company Ltd. ,Mumbai ,www.indianhumepipe.com 
The Ruby Mills Ltd. ,Mumbai ,www.rubymills.com 
The Tata Power Co. Ltd. ,Mumbai ,www.tatapower.com 
Thermax Ltd. ,Mumbai ,www.thermaxindia.com 
Thermolab Scientific Equipment Pvt. Ltd ,Mumbai ,www.thermolabgroup.com 
Thinq Pharma-CRO Ltd ,Mumbai ,www.thinqcro.com 
Thyssenkrupp Industries India Pvt. Ltd. ,Mumbai ,www.thyssenkrupp-industries-india.com 
Titan Laboratories Pvt.Ltd ,Mumbai ,www.titan-lab.com 
Transasia Bio-Medicals Ltd. ,Mumbai ,www.transasia.co.in 
Transparent Energy Systems Pvt. Ltd ,Mumbai ,www.tespl.com 
Transparent Technologies Pvt Ltd ,Mumbai ,www.tpdl.co.in 
U S V Ltd. ,Mumbai ,www.usvindia.com 
Ultramarine & Pigments Ltd. ,Mumbai ,www.ultramarinepigments.net 
Ultratech Cement Ltd. ,Mumbai ,www.ultratechcement.com 
Umang Pharmatech Pvt. Ltd. ,Mumbai ,www.umangpharma.com 
Unichem Laboratories Ltd. (R&D Goa) ,Mumbai ,www.unichemlabs.com 
Unichem Laboratories Ltd. (R&D Mumbai) ,Mumbai ,www.unichemlabs.com 
Unichem Laboratories Ltd.(R&D Bengaluru) ,Mumbai ,www.unichemlabs.com 
Unijules Life Sciences Ltd ,Mumbai ,www.unijules.com 
Unimark Remedies Ltd. ,Mumbai ,www.unimarkremedies.com 
UNI-TECH Automation Pvt. Ltd. ,Mumbai ,www.uni-techautomation.com 
United Phosphorus Ltd. ,Mumbai ,www.uplonline.com 
United Rubber Industries ,Mumbai ,www.unitedrubber.net 
Universal Construction Machinery &,Mumbai ,www.uceindia.com 
Equipment Pvt. Ltd ,Mumbai ,
Universal Starch Chem Allied Ltd. ,Mumbai ,www.universalstarch.com 
V I P Industries Ltd. ,Mumbai ,www.vipindustries.co.in 
Vacuum Plant & Instruments ,Mumbai ,www.vpiltd.com 
Vanaz Engineers Pvt. Ltd. ,Mumbai ,www.vanaz.com 
Varroc Engineering Ltd. ,Mumbai ,www.varrocgroup.com 
Venco Research & Breeding Farm Ltd. (R&D,Mumbai ,
"Velhe, Pune) ",Mumbai ,
Venco Research & Breeding Farm Ltd.(R&D,Mumbai ,www.venkys.com 
Distt. Satara) ,Mumbai ,
Venkateshwara Hatcheries Ltd. ,Mumbai ,www.venkys.com 
Venkateshwara Research & Breeding Farm Ltd. ,Mumbai ,www.venkys.com 
Vijay Seeds Company Ltd. ,Mumbai ,www.vijayseeds.com 
Viridis BioPharma Pvt. Ltd ,Mumbai ,www.viridisbiopharma.com 
Viswaat Chemicals Ltd ,Mumbai ,www.viswaat.com 
VNR Seeds Pvt.Ltd. ,Mumbai ,www.vnrseeds.com 
Voltas Ltd. ,Mumbai ,www.voltas.com 
Wanbury Ltd. ,Mumbai ,www.wanbury.com 
Warade Automation Solutions Pvt. Ltd ,Mumbai ,www.warade.in 
Warkem Biotech Pvt. Ltd. ,Mumbai ,www.warkembiotech.com 
Watson Pharma Pvt. Ltd. (R&D Mumbai) ,Mumbai ,www.watson.com 
Welspun India Ltd ,Mumbai ,www.welspun.com 
Whirlpool of India Ltd. ,Mumbai ,www.whirlpoolindia.com 
WILO Mather and Platt Pumps Pvt. Ltd ,Mumbai ,www.wilo.com 
Winjit Technologies Pvt. Ltd. ,Mumbai ,www.winjit.com 
Wockhardt Ltd. ,Mumbai ,www.wockhardt.com 
Yashoda Hybrid Seeds Pvt. Ltd ,Mumbai ,
Yashraj Biotechnology Ltd. ,Mumbai ,www.yashraj.com 
Yazaki India Ltd. ,Mumbai ,
ZCL Chemicals Ltd ,Mumbai ,www.zclchemicals.com 
Zenith Industrial Rubber Products Pvt. Ltd. ,Mumbai ,www.zenithrubber.com 
Zensar Technologies Ltd. ,Mumbai ,www.zensar.com 
Zeus Numerix Pvt. Ltd. ,Mumbai ,www.zeusnumerix.com 
Zim Laboratories Ltd ,Mumbai ,www.zimlab.in 
Zoetis Pharmaceutical Research Pvt. Ltd ,Mumbai ,www.zoetis.com 
Zuventus HealthCare Ltd ,Mumbai ,www.zuventus.co.in 
Zytex Corporation ,Mumbai ,www.zytex.com 
PRIVATE SECTOR– CMIE DATABASE ,Mumbai ,
A J Shah & Co. ,Mumbai ,
Aarti Healthcare Ltd. ,Mumbai ,www.aartihealthcare.com 
Abbott Healthcare Pvt. Ltd. ,Mumbai ,www.abbottep.in 
Abbott India Ltd. ,Mumbai ,www.abbott.co.in 
Abhijeet Roads Ltd ,Mumbai ,www.abhijeet.in 
Ace Refractories Ltd. ,Mumbai ,www.acerefractories.com 
Acrysil Ltd. ,Mumbai ,www.acrysil.com 
Actis Biologics Pvt. Ltd. ,Mumbai ,www.actisbiologics.com 
ADF Foods Ltd ,Mumbai ,www.adf-foods.com 
Aditya Engineering Company ,Mumbai ,www.accuratemetrology.com 
Ador Welding Ltd. ,Mumbai ,www.adorwelding.com 
Advanced Enzytech Solutions Ltd ,Mumbai ,www.enzytech.in 
Aegis Logistics Ltd ,Mumbai ,www.aegisindia.com 
Aftek Ltd ,Mumbai ,www.aftek.com 
Akola Chemicals (India) Ltd ,Mumbai ,www.akolachemicals.com 
Alfa Laval (India) Ltd ,Mumbai ,www.alfalaval.com 
Alkem Laboratories Ltd. (R&D Raigarh) ,Mumbai ,www.alkemlabs.com 
Almet Corporation Ltd. ,Mumbai ,
Alok Industries Ltd ,Mumbai ,
Alpha X-Ray Technologies (India) Pvt. Ltd. ,Mumbai ,www.alphaxray.com 
Alta Laboratories Ltd ,Mumbai ,www.altalab.in 
Amar Remedies Ltd. ,Mumbai ,
American Spring & Pressing Work Pvt Ltd ,Mumbai ,www.aspee.com 
Amphenol Interconnect India Pvt. Ltd. ,Mumbai ,www.amphenol-in.com 
Anand I Power Ltd ,Mumbai ,www.anandipower.com 
Andhra Valley Power Supply Co. Ltd ,Mumbai ,
Anshul Specialty Molecules Ltd. ,Mumbai ,www.anshulspecialtymolecules.com 
Anushakti Chemicals & Drugs Ltd ,Mumbai ,
AP Coatings Ltd. ,Mumbai ,
Applicomp India Ltd ,Mumbai ,
APS Star Industries Ltd ,Mumbai ,
Aptech Ltd. ,Mumbai ,www.aptech-worldwide.com 
Arch Pharmalabs Ltd. ,Mumbai ,www.archpharmalabs.com 
Aries Agro Ltd. ,Mumbai ,www.ariesagro.com 
Arklite Speciality Lamps Ltd. ,Mumbai ,www.arklite.co.in 
Arrow Coated Products Ltd ,Mumbai ,www.arrowcoated.com 
Artek Surfin Chemicals Ltd ,Mumbai ,www.artekchemicals.com
Aryan Pesticides Ltd ,Mumbai ,
Arysta Lifescience India Ltd ,Mumbai ,www.arystalifescienceindia.com 
Asia Automotive Ltd. ,Mumbai ,
Asia Motor Works Ltd. ,Mumbai ,www.amwasia.com 
Asian Cables & Industries Ltd ,Mumbai ,
Asian Chemical Works (Bombay) Pvt. Ltd. ,Mumbai ,www.asianchemicals.com 
Asian Electronics Ltd. ,Mumbai ,www.aelgroup.com 
Asian PPG Industries Ltd. ,Mumbai ,www.asianppg.com 
Associated Cement Companies Ltd. ,Mumbai ,www.accLtd..com 
Associated Powercon Equipment (India) Pvt. Ltd ,Mumbai ,
Associated Stone Industries (Kotah) Ltd ,Mumbai ,www.asistone.com 
Auchtel Products Ltd. ,Mumbai ,www.auchtel.com 
Autoline Industries Ltd. ,Mumbai ,www.autolineind.com 
Automatic Electric Ltd. ,Mumbai ,www.aelindia.com 
Avon Corporation Ltd ,Mumbai ,www.avon.co.in 
B D H Industries Ltd. ,Mumbai ,www.bdhind.com 
Baan Info Systems India Ltd. ,Mumbai ,
Bajaj Consumer Care Ltd ,Mumbai ,www.bajajelectricals.com 
Bajaj Corp Ltd ,Mumbai ,www.bajajcorp.com 
Bajaj Hindusthan Ltd ,Mumbai ,www.bajajhindusthan.com 
Bajaj Ventures Ltd. ,Mumbai ,
Balsara Home Products Ltd ,Mumbai ,
Balsara Hygiene Products Ltd. ,Mumbai ,www.balsara.com 
Batliboi Ltd. ,Mumbai ,www.batliboi.com 
Battelle Science and Technology India Pvt. Ltd.. ,Mumbai ,www.battelle-india.com 
BEL Optronic Devices Ltd. ,Mumbai ,
Bhambhani Shipping Ltd ,Mumbai ,www.bhambhanishipping. 
Bhansali Engineering Polymers Ltd. ,Mumbai ,www.bhansaliabs.com 
Big Synergy Media Ltd ,Mumbai ,www.bigsynergy.tv 
Binayak Tex Processors Ltd ,Mumbai ,www.binayaktex.com 
Biomix Network Ltd. ,Mumbai ,
Biostadt MH Seeds Ltd. ,Mumbai ,
Biotor Industries Ltd ,Mumbai ,
Bio-Ved Pharmaceuticals Pvt.Ltd. ,Mumbai ,www.bioved.com 
Birla Cotsyn (India) Ltd. ,Mumbai ,www.birlacotsyn.com 
Birla Sun Life Distribution Co. Ltd. ,Mumbai ,www.valuemoney.com 
Black Rose Inds. Ltd ,Mumbai ,www.blackrosechemicals.com 
Blue Chip Laboratories Ltd ,Mumbai ,
Boehringer Mannheim India Ltd ,Mumbai ,
Bombay Burmah Trdg. Corpn. Ltd. ,Mumbai ,www.bbtcl.com 
Bombay Chemical & Rubber Products ,Mumbai ,www.bomchem.com 
Bombay Drugs & Pharmas Ltd ,Mumbai ,
Bombay Dyeing & Manufacturing Co. Ltd. ,Mumbai ,www.bombaydyeing.com 
Bombay Mineral Supply Company ,Mumbai ,www.bombaymineral.com 
Bombay Paints Ltd ,Mumbai ,
Borax Morarji Ltd. ,Mumbai ,www.boraxmorarji.com 
Burroughs Wellcome (India) Ltd. ,Mumbai ,
Business India Publications Ltd ,Mumbai ,www.businessindiagroup.com 
C M S Computers Ltd. ,Mumbai ,www.cms.com 
Cable Corporation of India ,Mumbai ,www.cablecorporation.com 
Cabot India Ltd ,Mumbai ,www.cabot-corp.com 
Cadbury India Ltd. ,Mumbai ,www.cadburyindia.com 
Calyx Chemicals & Pharmaceuticals Pvt. Ltd. ,Mumbai ,www.calyxindia.com 
Canpex Chemicals Pvt. Ltd. ,Mumbai ,www.conpex.co.in 
Capital Foods Pvt Ltd ,Mumbai ,www.capitalfoods.co.in 
Case New Holland Construction Equipment,Mumbai ,
(India) Pvt Ltd ,Mumbai ,
Castrol India Ltd. ,Mumbai ,www.castrol.com 
Ceekay Daikin Ltd. ,Mumbai ,www.ceekay-daikin.com 
Centaur Chemicals Pvt. Ltd. ,Mumbai ,www.centaurchem.com 
Century Enka Ltd ,Mumbai ,www.centuryenka.co.in 
Century Textiles & Industries Ltd ,Mumbai ,www.centurytextind.com 
CG Lucy Switchgear Ltd. ,Mumbai ,
Chemiequip Pvt Ltd ,Mumbai ,www.komalgroup.com 
Chemito Technologies Pvt. Ltd. ,Mumbai ,
Chemolutions Chemicals Ltd ,Mumbai ,
Chemtrols Industries Ltd ,Mumbai ,www.chemtrols.com 
Chemtura Chemicals India Pvt. Ltd ,Mumbai ,
Chicago Pneumatic India Ltd ,Mumbai ,www.cp.com 
Choksey Chemicals Pvt. Ltd. ,Mumbai ,www.chokseychem.com 
Cinevista Ltd. ,Mumbai ,www.cinevistaas.com 
Claridge Moulded Fibre Ltd ,Mumbai ,www.claridgemfl.com 
Classic Auto Tubes Ltd ,Mumbai ,www.catl.co.in 
Clear Mipak Packaging Solutions Ltd ,Mumbai ,
Clinical Aesthetics and Investigative,Mumbai ,
Aanagement Service Pvt. Ltd. ,Mumbai ,
Colgate-Palmolive (India) Ltd ,Mumbai ,www.colgate.co.in 
Conex Avio Auto (Pvt.) Ltd. ,Mumbai ,
Construction & Scientific Research Lab,Mumbai ,
(Pune) Pvt. Ltd. ,Mumbai ,
Croslands Research Laboratories Ltd. ,Mumbai ,
Cupid Ltd. ,Mumbai ,www.cupidLtd.com 
Cyanamid Agro Ltd ,Mumbai ,
D K Pharma Chem Pvt. Ltd. ,Mumbai ,
Datar Switchgear Ltd ,Mumbai ,www.seekandsource.com 
DDB Mudra Pvt Ltd ,Mumbai ,www.ddbmudragroup.com 
Delta Magnets Ltd. ,Mumbai ,www.deltamagnets.com 
Dental Products of India Ltd ,Mumbai ,www.dpi.co.in 
Deva Drill Tech (India) Ltd ,Mumbai ,
DGP Hinoday Industries Ltd. ,Mumbai ,www.hinoday.com 
Dharamsi Morarji Chemical Company Ltd ,Mumbai ,www.dmcc.com 
Dinshaws Dairy Foods Ltd. ,Mumbai ,
D-Link (India) Ltd. ,Mumbai ,www.dlink.co.in 
Dolphin Electromagnetic Technologies Pvt. Ltd. ,Mumbai ,www.dolphinemt.com 
Dr. Datsons Labs Ltd ,Mumbai ,www.drdatsons.com 
Duncan Engineering Ltd ,Mumbai ,
Eastern Sugar & Inds. Ltd ,Mumbai ,
Elcom International Pvt. Ltd ,Mumbai ,
Electronica Machine Tools Ltd. ,Mumbai ,www.electronicaemt.com 
Elgle Burgmann India Pvt. Ltd. ,Mumbai ,www.eagleburgmann.com 
Elixir Equities Pvt. Ltd ,Mumbai ,www.elixirequities.com 
Emerson Electric Co. ,Mumbai ,www.emerson.co.in 
Endurance Systems (India) Pvt. Ltd. ,Mumbai ,
Enki Life Science Ltd ,Mumbai ,www.gfeno.com 
Entremonde Polyecoaters Ltd ,Mumbai ,www.entremonde.com 
Enzal Chemicals (India) Ltd ,Mumbai ,www.enzal.com 
Eskay Dyestuffs & Organic Chemicals Pvt. Ltd ,Mumbai ,www.eskayindia.in 
Ess Dee Aluminium Ltd. ,Mumbai ,www.duttagroup.in 
Ethnor Ltd ,Mumbai ,
Euro Ceramics Ltd. ,Mumbai ,www.eurovitrified.com 
Evialis India Ltd ,Mumbai ,www.wisium.com 
EXEDY India Ltd ,Mumbai ,www.exedyindia.in 
F D C Ltd. ,Mumbai ,www.fdcindia.com 
F. M. Hammerle Textiles Ltd. ,Mumbai ,www.fmhammerle.com 
Famy Care Ltd. ,Mumbai ,www.famycare.com 
Fem Care Pharma Ltd. ,Mumbai ,www.femcareworld.com 
Fiat India Pvt. Ltd. ,Mumbai ,www.fiat-india.com 
Ficom Organics Ltd. ,Mumbai ,www.ficomorganics.com 
Financial Technologies (India) Ltd. ,Mumbai ,www.ftindia.com 
Firth(India) Steel Company Ltd. ,Mumbai ,
Flat Products Equipments (India) Ltd ,Mumbai ,www.flatproducts.com 
Flower Valley Agrotech Pvt. Ltd. ,Mumbai ,
Forbes & Company Ltd (Formerly Forbes,Mumbai ,www.forbes.com 
Gokak Ltd.) ,Mumbai ,
Forbes Technosys Ltd ,Mumbai ,www.forbestechnosys.com 
Fosroc Chemicals (India)Pvt. Ltd. ,Mumbai ,www.fosroc.com 
Fouress Engineering India Ltd. ,Mumbai ,www.fouressindia.com 
Fredun Pharmaceuticals Ltd. ,Mumbai ,www.fredunpharma.com 
Futura Polyesters Ltd. ,Mumbai ,www.futurapolyesters.com 
G G Dandekar Machine Works Ltd. ,Mumbai ,www.ggdandekar.com 
G K N Sinter Metals Ltd. ,Mumbai ,www.gknsintermetals.com 
G P Electronics Ltd ,Mumbai ,www.gpelmagnet.com 
G T L Ltd ,Mumbai ,www.gtlLtd..com 
Gansons Ltd. ,Mumbai ,www.gansons.com 
Garware Elastomerics Ltd. ,Mumbai ,www.gelindia.com 
Garware Medcare Ltd ,Mumbai ,
GE Medical Systems X-Ray (South Asia) Ltd. ,Mumbai ,www.ge.com 
General Mills India Pvt.Ltd ,Mumbai ,www.generalmills.co.in 
Gits Food Products Pvt. Ltd ,Mumbai ,www.gitsfood.com 
Global Towers Ltd. ,Mumbai ,
Godrej & Boyce Mfg. Co. Ltd. ,Mumbai ,www.godrejandboyce.com 
Godrej Telecom Ltd ,Mumbai ,
Goldmohur Foods & Feeds Ltd ,Mumbai ,
Goodyear South Asia Tyres Pvt. Ltd. ,Mumbai ,
Grindwell Norton Ltd. ,Mumbai ,www.grindwellnorton.co.in 
Grover Zampa Vineyards Ltd ,Mumbai ,www.groverzampa.in 
GTC Industries Ltd. ,Mumbai ,www.gtcil.com 
GTL Infrastructure Ltd. ,Mumbai ,www.gtlinfra.com 
Guardian Controls Ltd ,Mumbai ,www.guardiancontrols.com 
Gufic Ltd. ,Mumbai ,www.guficbio.com 
Gujarat Oleo Chem Ltd. ,Mumbai ,www.gujaratoleochem.com 
Gujarat Polybutenes Pvt. Ltd. ,Mumbai ,www.gujaratpolybutenes.com 
Haldiram Foods Intl Ltd ,Mumbai ,
Hard Castle Petrofer Pvt. Ltd. ,Mumbai ,www.hawcoindia.com 
Hardcastle & Waud Manufacturing ,Mumbai ,www.hawcoindia.com 
Haria Exports Ltd ,Mumbai ,
Harish Enterprises Pvt. Ltd. ,Mumbai ,www.harishenterprise.com 
Harman Finochem Ltd ,Mumbai ,www.harmanfinochem.com 
Henkel Cac Pvt Ltd ,Mumbai ,www.henkel.in 
Hexaware Technologies Ltd ,Mumbai ,www.hexaware.com 
Hico Products Ltd ,Mumbai ,
High Technology Transmission Systems,Mumbai ,www.httsindia.com 
(India) Pvt. Ltd. ,Mumbai ,
Hindoostan Spinning & Wvg. Mills Ltd. ,Mumbai ,www.hindoostan.com 
Hindustan Construction Co. Ltd. ,Mumbai ,www.hccindia.com 
Hindustan Dorr-Oliver Ltd ,Mumbai ,www.hdo.in 
Hindustan Mineral Products Co. Ltd ,Mumbai ,www.hmpindia.com 
Hindustan Polyamides & Fibres Ltd. ,Mumbai ,www.hpfl-india.com 
Hiran Orgochem Ltd ,Mumbai ,www.hiranorgochem.com 
Honeywell Automation India Ltd. ,Mumbai ,www.honeywellautomationindia.com 
I G Petrochemicals Ltd. ,Mumbai ,www.igpetro.com 
I V P Ltd. ,Mumbai ,www.ivpindia.com 
Iflex Solutions Ltd. ,Mumbai ,
Inarco Ltd ,Mumbai ,www.inarco.com 
Indian Hume Pipe Co.Ltd ,Mumbai ,www.indianhumepipe.com 
Indian Oxalate Ltd. ,Mumbai ,www.indianoxalate.com 
Indian Plastics Ltd. ,Mumbai ,
Indo Count Inds. Ltd ,Mumbai ,www.indocount.com 
Indorama Cement Ltd ,Mumbai ,
Indus Biotech Pvt Ltd ,Mumbai ,www.indusbiotech.com 
Intec Polymers Ltd. ,Mumbai ,www.intecpolymers.com 
International Conveyors Ltd ,Mumbai ,www.iclbelting.com 
International Hometex Ltd ,Mumbai ,www.intlhometex.com 
Intervalve Poonawalla Ltd ,Mumbai ,www.poonawallagroup.com 
Inventa Infrastructure Pvt. Ltd. ,Mumbai ,www.o2box.in 
Ispat Industries Ltd. ,Mumbai ,www.ispatind.com 
ITD Cementation India Ltd (Formerly,Mumbai ,www.itdcem.co.in 
Skanska Cementation India Ltd) ,Mumbai ,
J D Orgochem Ltd ,Mumbai ,
Jain Processed Foods Pvt Ltd ,Mumbai ,www.jains.com 
Jamshri Ranjitsinghji Spg. & Wvg. Mills Co.,Mumbai ,www.jamshrimills.com 
Jay Biozyme Technologies Ltd. ,Mumbai ,
Jaya Hind Sciaky Ltd ,Mumbai ,www.jayahind.com 
Jayant Oils & Derivatives Ltd. ,Mumbai ,www.jayantoil.com 
John Fowler Ocular Lenses Pvt. Ltd ,Mumbai ,
John Wyeth (India) Ltd. ,Mumbai ,
Joseph Leslie Drager Mfg (Pvt.) Ltd. ,Mumbai ,www.lesliedraeger.com 
Jyothy Laboratories Ltd. ,Mumbai ,www.jyothylaboratories.com 
K B S Capital Management Ltd ,Mumbai ,
K S B Pumps Ltd. ,Mumbai ,www.ksbindia.co.in 
Kalyani Forge Ltd ,Mumbai ,www.kalyaniforge.co.in 
Kalyani Lemmerz Ltd ,Mumbai ,
Kalyani Steels Ltd ,Mumbai ,www.kalyanisteels.com 
Kamud Drugs Pvt. Ltd. ,Mumbai ,www.kamud.com 
Kard Scientific India Pvt. Ltd. ,Mumbai ,
Karla Engine Components Ltd. ,Mumbai ,
Kasiak Research Pvt. Ltd ,Mumbai ,www.kasiakresearch.com 
Katare Spinning Mills Ltd. ,Mumbai ,
Kaya Ltd. ,Mumbai ,www.kayaindia.net 
Keva Flavours Pvt Ltd ,Mumbai ,www.keva.co.in 
Kilburn Engineering Ltd. ,Mumbai ,www.kilburnengg.com 
Kirloskar Copeland Ltd ,Mumbai ,www.kirloskar.com 
Kirloskar Pneumatic Company Ltd. ,Mumbai ,www.kirloskar.com 
Kisan Irrigation Ltd. ,Mumbai ,www.kisanirrigation.com 
KLT Automotive & Tubular Products Ltd ,Mumbai ,www.kltauto.com 
Known-You Seed (I) Pvt. Ltd. ,Mumbai ,www.knownyou.co.in 
Kodak India Pvt. Ltd. ,Mumbai ,wwwin.kodak.com 
Komal Foods Pvt Ltd ,Mumbai ,
Konark Fixtures Ltd ,Mumbai ,www.konarkgroup.com 
Konark Synthetic Ltd ,Mumbai ,www.konarkonline.com 
Konduskar Laboratories Pvt. Ltd. ,Mumbai ,www.konduskarlabs.com 
Krishna Plastochem Ltd ,Mumbai ,
L & T Plastics Machinery Ltd. ,Mumbai ,
Lanxess India Pvt. Ltd. ,Mumbai ,www.lanxess.in 
Laxmi Board & Paper Mills Ltd ,Mumbai ,www.laxmipaper.com 
Legrand India Pvt Ltd ,Mumbai ,www.legrand.co.in 
Lipi Data Systems Ltd Mumbai ,Mumbai ,
Litex Electricals Pvt. Ltd. ,Mumbai ,www.litexelectricals.com 
Lloyds Steel Inds. Ltd. ,Mumbai ,www.lloydsgroup.com 
Lucid Colloids Ltd ,Mumbai ,www.lucidgroup.com 
Lucy Electric India Pvt Ltd ,Mumbai ,www.lucyelectric.com 
Lumax Auto Technologies Ltd. ,Mumbai ,www.lumaxautotech.com 
M T Z Polyfilms Ltd. ,Mumbai ,www.mtzpoly.com 
Macneill Engineering Ltd ,Mumbai ,www.macneillengineering.com 
Mafatlal Home Products Ltd ,Mumbai ,
Magneti Marelli Powertrain India Pvt Ltd ,Mumbai ,www.magnetimarelli.com 
Magnewin Energy Pvt. Ltd ,Mumbai ,
Maharashtra Seamless Ltd. ,Mumbai ,www.jindal.com 
Mahindra Composites Ltd ,Mumbai ,www.mahindracomposites.com 
Mahindra Gears & Transmissions Pvt. Ltd ,Mumbai ,www.mahindragears.com 
Mahindra Navistar Automotives Ltd. ,Mumbai ,www.mahindranavistar.com 
Mahindra Sanyo Special Steel Pvt. Ltd ,Mumbai ,www.mahindrasanyo.com 
Mahindra Truck and Buses Ltd ,Mumbai ,www.mahindratruckandbus.com 
Mahindra Tsubaki Conveyor Systems Pvt.,Mumbai ,www.mahindra-tsubaki.com 
Mahindra Two Wheelers Ltd ,Mumbai ,www.mahindratwowheelers.com 
Mahindra Ugine Steel Co. Ltd. ,Mumbai ,www.muscoindia.com 
Maneesh Pharmaceuticals Ltd ,Mumbai ,www.maneeshpharma.com 
Marshall Breeders Ltd ,Mumbai ,
Mather & Platt Pumps Ltd ,Mumbai ,www.matherplatt.com 
Mazda Colours Ltd. ,Mumbai ,www.mazdacolours.com 
Menon Bearings Ltd. ,Mumbai ,www.menonbearings.com 
Merit Organics Ltd ,Mumbai ,www.meritorganics.com 
Messung Systems ,Mumbai ,www.messung.com 
Micro Technologies (India) Ltd ,Mumbai ,www.microtechnologies.net 
Midas Care Pharmaceuticals Pvt Ltd ,Mumbai ,www.midas-care.com 
Minilec (India) Pvt. Ltd..( Biotechnology,Mumbai ,www.minilecgroup.com 
Division) ,Mumbai ,
Mitsu Pvt Ltd ,Mumbai ,www.mitsuchem.com 
Mobile Telecommunications Ltd ,Mumbai ,www.mobileteleindia.com 
Mojj Engineering Systems Ltd. ,Mumbai ,www.mojjpune.com 
Monarch Catalyst Pvt. Ltd ,Mumbai ,
Morarjee Textiles Ltd. ,Mumbai ,www.morarjeetextiles.com 
Mordi Textiles Processors Ltd ,Mumbai ,
Morex Petrochem Ltd. ,Mumbai ,www.morexpetrochem.com 
Morganite Crucible (India) Ltd. ,Mumbai ,www.morganmms.com 
Mount Everest Mineral Water Ltd. ,Mumbai ,www.himalayanmineralwater.com 
M-Tech Innovations Ltd. ,Mumbai ,www.m-techindia.com 
Multi Organics Pvt. Ltd ,Mumbai ,www.multiorganics.com 
Multi-Arc India Ltd. ,Mumbai ,www.multi-arcindia.com 
N G L Fine-Chem Ltd. ,Mumbai ,www.nglfinechem.com 
N R C Ltd. ,Mumbai ,
Nalco Water India Ltd. ,Mumbai ,
Narmada Cement Co. Ltd. ,Mumbai ,
Nath Pulp & Paper Mills Ltd. ,Mumbai ,www.nathpaper.com 
National Organic Chemical Industries ,Mumbai ,www.natocil.com 
Navinon Ltd ,Mumbai ,
Neelikon Food Dyes and Chemicals Ltd. ,Mumbai ,www.neelikon.com 
Nelco Ltd. ,Mumbai ,www.nelcoin.com 
Nelito Systems Ltd. ,Mumbai ,www.nelito.com 
Neogen Chemicals Ltd ,Mumbai ,www.neogenchem.com 
New Holland Fiat (India) Pvt. Ltd. ,Mumbai ,www.newhollandindia.co.in 
New India Inds Ltd ,Mumbai ,www.newindiaind.com 
NHC Foods Ltd ,Mumbai ,www.nhcgroup.com 
Nichrome India Ltd. ,Mumbai ,www.nichrome.com 
Nilkamal Plastics Ltd. ,Mumbai ,
Nocil Ltd. ,Mumbai ,www.natocil.com 
Nova Oleochem Ltd ,Mumbai ,
NutraHelix Biotech Pvt. Ltd. ,Mumbai ,www.nutrahelix.com 
Ohm Solitronics Pvt. Ltd. ,Mumbai ,
Oleofine Organics (India) Pvt. Ltd ,Mumbai ,www.fineorganics.com 
Organic Coatings Ltd. ,Mumbai ,www.organic-coatings.com 
Organon Office - Intervet India Pvt. Ltd.. ,Mumbai ,www.intervet.co.in 
Orient Abrasives Ltd ,Mumbai ,www.orientabrasives.com 
Oriole Electronics Pvt. Ltd. ,Mumbai ,www.orioleindia.com 
Oudh Sugar Mills Ltd ,Mumbai ,www.birla-sugar.com 
P B J-Industrial Electronics Pvt. Ltd. ,Mumbai ,www.ieecpbj.com 
P I Drugs & Pharmaceuticals Ltd. ,Mumbai ,www.pidrugs.com 
Padmashri Dr Vitthalrao Vikhe Patil,Mumbai ,
Sahakari ,Mumbai ,
Padsons Industries Pvt. Ltd. ,Mumbai ,www.padsons.com 
Paramount Minerals & Chemicals Ltd. ,Mumbai ,www.pmclindia.com 
Parke-Davis (India) Ltd ,Mumbai ,
Parle Agro Pvt Ltd ,Mumbai ,www.parleagro.com 
Parle Products Pvt Ltd ,Mumbai ,www.parleproducts.com 
Penguin Electronics Ltd ,Mumbai ,www.penguinindia.com 
Pennwalt Ltd ,Mumbai ,www.pennwalt.com 
Perfect Circle India Ltd ,Mumbai ,www.perfectcircleindia.com 
Permanent Magnets Ltd ,Mumbai ,www.pmlindia.com 
Pfizer Ltd. ,Mumbai ,www.pfizerindia.com 
Pharmaceutical Products of India Ltd ,Mumbai ,
Photoquip (India) Ltd. ,Mumbai ,www.photoquip.com 
PI Drugs & Pharmaceuticals Ltd. ,Mumbai ,www.pidrugs.com 
Piramal Enterprises Ltd ,Mumbai ,www.piramal.com 
Pix Transmissions Ltd ,Mumbai ,
Plus Paper Foodpac Ltd. ,Mumbai ,www.pluspaperfoodpac.com 
PMP Auto Components Pvt Ltd ,Mumbai ,www.pmpauto.com 
PMT Machines Ltd ,Mumbai ,www.pmtmachines.com 
Polson Ltd. ,Mumbai ,www.polsonltd.com 
Polynova Industries Ltd ,Mumbai ,www.polynovaindia.com 
Polyolefins Industries Ltd ,Mumbai ,
Poona Health Services Pvt. Ltd. ,Mumbai ,
Portescap India Pvt. Ltd ,Mumbai ,www.portescap.com 
Powerdeal Energy Systems (I) Pvt . Ltd ,Mumbai ,
PPG Asian Paints Pvt Ltd ,Mumbai ,www.ppgasianpaints.com 
Precision Camshafts Ltd ,Mumbai ,www.pclindia.in 
Precision Fasteners Ltd ,Mumbai ,www.precisionfasteners.com 
Premier Ltd ,Mumbai ,www.premier.co.in 
Prerna Pharma Industries Pvt Ltd ,Mumbai ,
Principal Pharmaceuticals & Chemicals Ltd ,Mumbai ,
Pritish Nandy Communications Ltd ,Mumbai ,www.pritishnandycom.com 
Procter & Gamble Home Products Ltd. ,Mumbai ,www.pg.com 
Protochem Industries Pvt Ltd ,Mumbai ,
Pudumjee Agro Inds. Ltd ,Mumbai ,www.pudumjee.com 
Pushpa Holdings (Mauritius) Ltd. BASF,Mumbai ,www.basf.com 
Styrenics Pvt. Ltd. ,Mumbai ,
Quick Heal Technologies Ltd ,Mumbai ,www.quickheal.com 
Quintiles Mumbai ,Mumbai ,www.quintiles.com 
R J Biotech Ltd. ,Mumbai ,www.rjbiotech.com 
Racold Thermo Ltd ,Mumbai ,www.racold.com 
Rainbow Ink & Varnish Mfg. Co. Ltd. ,Mumbai ,www.rainbowinkLtd.org 
Raj Biotech (India) Pvt. Ltd. ,Mumbai ,www.rajbiotech.com 
Raj Oil Mills Ltd ,Mumbai ,www.rajoilmillsltd.com 
Rajat Pharmachem Ltd ,Mumbai ,
Ralliwolf Ltd ,Mumbai ,www.ralliwolf.com 
Rama Pulp & Papers Ltd. ,Mumbai ,
Rangkala Investments Ltd ,Mumbai ,
Rasoya Proteins Ltd. ,Mumbai ,www.rasoyaproteins.com 
Ratnakar Enterprises ,Mumbai ,www.universaltestingmachine.org 
Ravi Dyeware Co. Pvt. Ltd ,Mumbai ,www.ravidyeware.com 
Raymond Ltd. ,Mumbai ,www.raymond.in 
RBS Equities (India) Ltd ,Mumbai ,
Reliance Infrastructure Ltd. ,Mumbai ,www.rinfra.com 
Remsons Industries Ltd ,Mumbai ,www.remsons.com 
Rhone-Poulenc Agrochemicals (India) Ltd ,Mumbai ,
Ricinash Oil Mills Ltd ,Mumbai ,www.rajoilmillsltd.com 
RIECO Industries Ltd ,Mumbai ,www.rieco.com 
Rika Global Impex Ltd ,Mumbai ,www.rika.in 
RJ Shah & Company Ltd ,Mumbai ,
Roop Telsonic Ultrasonix Ltd. ,Mumbai ,www.rooptelsonic.com 
Roplas India Ltd ,Mumbai ,
RSB Transmissions (I) Ltd. ,Mumbai ,www.rsbglobal.com 
Rubber Products Ltd. ,Mumbai ,www.rubpro.com 
Russel India Ltd ,Mumbai ,
S A J Test Plant Pvt. Ltd. ,Mumbai ,www.sajdyno.com 
S B E M Pvt. Ltd. ,Mumbai ,www.sbem-india.com 
S D Fine Chem Ltd. ,Mumbai ,www.sdfine.com 
S I Group-India Ltd. ,Mumbai ,www.siigroup.com 
S K G Refractories Ltd ,Mumbai ,www.skgrl.com 
Safepack Industries Ltd. ,Mumbai ,www.safepack.com 
Saint-Gobain Sekurit India Ltd ,Mumbai ,www.saint-gobain.co.in 
Sajjan India Ltd. ,Mumbai ,www.sajjan.com 
Salvi Chemical Industries Ltd ,Mumbai ,www.salvichem.com 
Samsonite South Asia Pvt. Ltd. ,Mumbai ,www.samsoniteindia.com 
Sandoz Pvt. Ltd. ,Mumbai ,www.sandoz.com 
Sandu Pharmaceuticals Ltd ,Mumbai ,www.sandu.in 
Sanjivani Paranteral Ltd. ,Mumbai ,www.sanjivani.co.in 
Sanvijay Rolling & Engineering Ltd ,Mumbai ,www.sanvijay.com 
Saralee Household & Bodycare India Pvt.,Mumbai ,
Schenectady Herdillia Chemicals Ltd. ,Mumbai ,www.siigroup.com 
Schrader Duncan Ltd. ,Mumbai ,www.schraderduncan.com 
Sealed Air (India) Pvt. Ltd. ,Mumbai ,www.sealedair.com 
Sekhsaria Chemicals Ltd. ,Mumbai ,
Selectica India Pvt. Ltd. ,Mumbai ,www.selectica.com 
Semco Electric Pvt. Ltd. ,Mumbai ,www.sigmaelectric.com 
Seminis Vegetable Seeds (India) Ltd ,Mumbai ,www.seminis.in 
Seya Industries Ltd ,Mumbai ,www.seya.in 
Shaper Chemicals Ltd ,Mumbai ,
Sharon Bio Medicine Ltd ,Mumbai ,www.sharonbio.com 
Sharp India Ltd ,Mumbai ,www.sharpindiaLtd..com 
Shaw Wallace Distilleries Ltd ,Mumbai ,www.shawwallace.com 
Sheetal Manufacturing Co Pvt Ltd ,Mumbai ,www.debeersgroup.com 
Shivaji Works Ltd. ,Mumbai ,
Shree Hari Chemicals Export Ltd. ,Mumbai ,www.shreeharichemicals.com 
Siemens Ltd. ,Mumbai ,www.siemens.com 
Sivananda Electronics ,Mumbai ,www.sivanandaelectronics.com 
Siyaram Silk Mills Ltd. ,Mumbai ,www.siyaram.com 
Solar Pharmachem Ltd ,Mumbai ,
Somaiya Organo Chemicals Ltd ,Mumbai ,www.somaiya.com 
Sona Blw Precision Forgings Ltd ,Mumbai ,www.sonablw.in 
Spentex Industries Ltd ,Mumbai ,
Sriman Petrochemicals Ltd. ,Mumbai ,
Star Precision Electronics India Ltd ,Mumbai ,
Starlite Components Ltd. ,Mumbai ,
Sterling International Enterprises Ltd. ,Mumbai ,
STS Chemicals Ltd ,Mumbai ,
Sudal Industries Ltd. ,Mumbai ,www.sudal.co.in 
Sulzer India Ltd. ,Mumbai ,www.sulzerindia.com 
Sun Earth Ceramics Ltd ,Mumbai ,
Sun Infoways Ltd. ,Mumbai ,
Sunflag Iron & Steel Co. Ltd ,Mumbai ,www.sunflagsteel.com 
Sutlej Industries Ltd ,Mumbai ,www.rtmyarn.com 
Suzlon Energy Ltd ,Mumbai ,www.suzlon.com 
Swastik Rubber Products Ltd ,Mumbai ,
Synergy Multibase Ltd. ,Mumbai ,
Taparia Tools Ltd. ,Mumbai ,www.tapariatools.com 
Tata Consulting Engineers Ltd. ,Mumbai ,www.tce.co.in 
Tata Infotech Ltd ,Mumbai ,www.tatainfotech.co.in 
Tata Johnson Controls Automotive Ltd ,Mumbai ,
Technofour ,Mumbai ,www.technofour.com 
Teltech Instrumentation Pvt. Ltd. ,Mumbai ,www.telgroup.com 
Texport Syndicate (India) Ltd ,Mumbai ,www.texportsyndicate.com 
The Paper Products Ltd. ,Mumbai ,www.pplpack.com 
Themis Medicare Ltd. ,Mumbai ,www.themismedicare.com 
Thermax Babcock & Wilcox Ltd. ,Mumbai ,www.tbwes.com 
Thermo Fisher Scientific India Pvt Ltd ,Mumbai ,www.thermofishersci.in 
Tickerplant Ltd ,Mumbai ,www.tickerplantindia.com 
Time Technoplast Ltd. ,Mumbai ,www.timetechnoplast.com 
Tipco Industries Ltd ,Mumbai ,www.tipco-india.com 
Tipco Polymers Pvt Ltd ,Mumbai ,
Tokheim India Pvt Ltd ,Mumbai ,www.tokheim.com 
Tractor Engineers Ltd. ,Mumbai ,www.tenglindia.com 
Transweigh (India) Ltd. ,Mumbai ,www.transweigh-india.com 
Tricom Fruit Products Ltd. ,Mumbai ,www.tricomfruitproducts.com 
Tridiagonal Solutions Pvt. Ltd. ,Mumbai ,www.tridiagonal.com 
Trimax IT Infrastructure & Services Ltd ,Mumbai ,www.trimax.in 
Twilight Litaka Pharma Ltd. ,Mumbai ,www.twillightlitaka.com 
Ugar Sugar Woorks Ltd ,Mumbai ,www.web.ugarsugar.com 
Uma Precision Ltd. ,Mumbai ,
Uni Abex Alloy Products Ltd. ,Mumbai ,www.uniabex.com 
Uni Deritend Ltd. ,Mumbai ,www.unideritend.com 
Unibios Laboratories Ltd ,Mumbai ,www.unibioslabs.com 
Unimed Technologies Ltd. ,Mumbai ,
United Van Der Horst Ltd ,Mumbai ,www.uvdhl.com 
Universal Comfort Products Ltd. ,Mumbai ,www.voltas.com 
Uniworth Textiles Ltd. ,Mumbai ,www.uniworthtextiles.com 
UPL Ltd ,Mumbai ,www.uplonline.com 
V and V Design Pvt. Ltd. ,Mumbai ,www.vvdesign.com 
V M Biotech ,Mumbai ,www.vmbiotech.com 
Value Industries Ltd ,Mumbai ,www.valueind.in 
VCU Data Management Ltd. ,Mumbai ,www.vcupack.com 
Venkataramana Food Specialities Ltd ,Mumbai ,www.venkataramanafoodspecialities.com 
Venkys (India) Ltd. ,Mumbai ,www.venkys.com 
Victor Gaskets India Ltd. ,Mumbai ,www.victorgasketsindia.com 
Vidyut Metallics Pvt Ltd ,Mumbai ,
VIN Semiconductors Pvt. Ltd ,Mumbai ,www.vinled.com 
Vinati Organics Ltd ,Mumbai ,www.vinatiorganics.com 
Vinyl Chemicals India Ltd ,Mumbai ,www.vinylchemicals.com 
Vlife Sciences Technologies Pvt. Ltd. ,Mumbai ,www.vlifesciences.com 
VVF Ltd. ,Mumbai ,www.vvfltd.com 
Walchandnagar Industries Ltd. ,Mumbai ,www.walchand.com 
Weizmann International Ltd. ,Mumbai ,www.weizmann.co.in 
Wellknown Polyesters Ltd ,Mumbai ,www.wellknown.co.in 
Welspun Global Brands Ltd ,Mumbai ,www.welspunindia.com 
Wyeth Ltd. ,Mumbai ,www.wyethindia.com 
Zandu Pharmaceuticals Works Ltd. ,Mumbai ,www.zanduayurveda.com 
ZF Steering Gear India Ltd ,Mumbai ,www.zfindia.com 
SCIENTIFIC AND INDUSTRIAL RESEARCH ORGANISATION ,Mumbai ,
Able-Disabled All People Together (ADAPT) ,Mumbai ,www.adaptssi.org 
Ankush Shikshan Sanstha G.H.Raisoni,Mumbai ,www.ghrce.raisoni.net 
College of Engineering Nagpur ,Mumbai ,
Anusandhan Trust ,Mumbai ,www.anusandhantrust.org 
APT Research Foundation ,Mumbai ,www.ntc-apt.com 
Arogya Seva Medical Academy of India ,Mumbai ,www.myinfoline.com 
Arthritis Research Care Foundation Centre,Mumbai ,www.aarogyadham.net 
for Rheunatic Diseases ,Mumbai ,
Aspee Agricultural Research and,Mumbai ,www.aspeefoundation.org 
Development Foundation ,Mumbai ,
Association for Research In Homeopathy,Mumbai ,www.arhcm.org 
Airoli ,Mumbai ,
Bai Jerbai Wadia Hospital for Children and,Mumbai ,
Institute of Child Health Research Society ,Mumbai ,
BAIF Development Research Foundation ,Mumabi ,www.baif.org.in 
Bharatiya Sanskriti Darshan Trust ,Matunga ,www.ayurved-for-cancer.org 
Agricultural Research Station ,Lonavala ,
Khar Land Research Station ,Panvel ,
Amity University Mumbai ,Mumbai ,www.amity.edu/mumbai 
Indian Institute of Technology Bombay,Mumbai ,www.iitb.ac.in 
University of Mumbai ,Mumbai ,www.mu.ac.in 
